itrdb_species_code,species_name,scientific_aliases,common_names,phylogenetic_group,leaf_habit,tree_ring_structure
ABAL,Abies alba Mill.,[],"[""silver fir"", ""European silver fir""]",gymnosperm,evergreen,non-porous
ABAM,Abies amabilis Douglas ex J. Forbes,[],"[""Pacific silver fir""]",gymnosperm,evergreen,non-porous
ABBA,Abies balsamea (L.) Mill.,[],"[""balsam fir""]",gymnosperm,evergreen,non-porous
ABBI,Abies bifolia A.Murray,[],"[""Rocky Mountain alpine fir""]",gymnosperm,evergreen,non-porous
ABBO,Abies borisii-regis Mattf.,[],"[""Bulgarian fir"", ""King Boris fir""]",gymnosperm,evergreen,non-porous
ABBN,Abies bornmulleriana Mattf.,[],"[""Bornmuller's fir""]",gymnosperm,evergreen,non-porous
ABBR,Abies bracteata (D.Don) Nutt.,[],"[""bristlecone fir""]",gymnosperm,evergreen,non-porous
ABCE,Abies cephalonica Loudon,[],"[""Greek fir""]",gymnosperm,evergreen,non-porous
ABCH,Abies cheniensis van Tiegh,[],"[""Chensien fir""]",gymnosperm,evergreen,non-porous
ABCI,Abies cilicica (Ant. et Kotschy) Carr.,[],"[""Cilician fir""]",gymnosperm,evergreen,non-porous
ABCO,Abies concolor (Gordon) Lindl. ex Hildebr.,[],"[""white fir""]",gymnosperm,evergreen,non-porous
ABDE,Abies densa Griff.,[],"[""Sikkim fir""]",gymnosperm,evergreen,non-porous
ABDU,Abies durangensis Martínez,[],"[""Durango Fir""]",gymnosperm,evergreen,non-porous
ABEQ,Abies equi-trojani Aschers. et Sint.,[],[],gymnosperm,evergreen,non-porous
ABFX,Abies faxoniana,[],[],gymnosperm,evergreen,non-porous
ABFI,Abies firma Sieb. et Zucc.,[],"[""Japanese fir"", ""Momi fir""]",gymnosperm,evergreen,non-porous
ABFO,Abies forestii Rogers,[],"[""Chinese fir""]",gymnosperm,evergreen,non-porous
ABFR,Abies fraseri (Pursh) Poir.,[],"[""Fraser fir""]",gymnosperm,evergreen,non-porous
ABGR,Abies grandis (Dougl. ex D. Don) Lindl.,[],"[""grand fir"", ""giant fir""]",gymnosperm,evergreen,non-porous
ABHO,Abies holophylla Maxim.,[],"[""Manchurian fir""]",gymnosperm,evergreen,non-porous
ABKA,Abies kawakamii (Hayata) Ito,[],"[""Taiwan fir""]",gymnosperm,evergreen,non-porous
ABKO,Abies koreana Wils.,[],"[""Korean fir""]",gymnosperm,evergreen,non-porous
ABLA,Abies lasiocarpa (Hook.) Nutt.,[],"[""subalpine fir"", ""corkbark fir""]",gymnosperm,evergreen,non-porous
ABMA,Abies magnifica A. Murray,[],"[""California red fir""]",gymnosperm,evergreen,non-porous
ABMR,Abies mariessi Mast.,[],"[""Marie's fir""]",gymnosperm,evergreen,non-porous
ABMC,Abies marocana Trabut.,[],"[""Moroccan fir""]",gymnosperm,evergreen,non-porous
ABNB,Abies nebrodensis (Lojac.) Mattei,[],"[""Sicilian fir""]",gymnosperm,evergreen,non-porous
ABNE,Abies nephrolepis Maxim.,[],"[""East Siberian fir""]",gymnosperm,evergreen,non-porous
ABNO,Abies nordmanniana (Steven) Spach,[],"[""Caucasian fir""]",gymnosperm,evergreen,non-porous
ABNU,Abies numidica De Lannoy ex. Carr.,[],"[""Algerian fir""]",gymnosperm,evergreen,non-porous
ABPI,Abies pindrow (Royle ex D. Don) Royle,[],"[""Himalayan silver fir"", ""West Himalayan fir""]",gymnosperm,evergreen,non-porous
ABPN,Abies pinsapo Boiss.,[],"[""Spanish fir""]",gymnosperm,evergreen,non-porous
ABPR,Abies procera Rehder,[],"[""noble fir""]",gymnosperm,evergreen,non-porous
ABRC,Abies recurvata Mast.,[],"[""Min fir""]",gymnosperm,evergreen,non-porous
ABRE,Abies religiosa Schlecht.,[],"[""Mexican fir"", ""sacred fir""]",gymnosperm,evergreen,non-porous
ABSA,Abies sachalinensis var. mayriana Mirabe & Kudo,[],"[""Sachalin fir"", ""todo""]",gymnosperm,evergreen,non-porous
ABSI,Abies sibirica Ledeb.,[],"[""Siberian fir""]",gymnosperm,evergreen,non-porous
ABSB,Abies spectabilis (D. Don) Spach,[],"[""silver fir"", ""East Himalayan fir""]",gymnosperm,evergreen,non-porous
ABSP,Abies spp. Mill.,[],"[""fir""]",gymnosperm,evergreen,non-porous
ABSQ,Abies squamata Mast.,[],"[""Flaky fir""]",gymnosperm,evergreen,non-porous
ABVE,Abies vejarii,[],"[""Vejar's fir""]",gymnosperm,evergreen,non-porous
ABVI,Abies vietchii Lindl.,[],"[""Vietch's silver fir""]",gymnosperm,evergreen,non-porous
ACAL,Acacia alpina F.Muell.,[],[],,,
ACGI,Acacia giraffae,[],[],,,
ACHO,Acacia hotwittii,[],[],,,
ACME,Acacia melanoxylon R.Br.,[],"[""blackwood""]",,,
ACNI,Acacia nilotica (L.) Willd. ex Delile,[],"[""gum arabic tree""]",,,
ACRA,Acacia raddiana,[],[],,,
ACCA,Acer campestre L.,[],"[""hedge maple"", ""field maple"", ""feldahorn""]",,,
ACMA,Acer macrophyllum Pursh,[],"[""Oregon maple"", ""Pacific maple"", ""Bigleaf maple""]",,,
ACMO,Acer mono Maxim.,[],"[""maple""]",,,
ACNE,Acer negundo L.,[],"[""boxelder"", ""ash-leaved maple""]",,,
ACOP,Acer opalus Mill.,[],"[""Italian maple""]",,,
ACPE,Acer pensylvanicum L.,[],"[""striped maple""]",,,
ACPL,Acer platanoides L.,[],"[""Norway maple""]",,,
ACPS,Acer pseudoplatanus L.,[],"[""sycamore maple"", ""plane tree""]",,,
ACRU,Acer rubrum L.,[],"[""red maple""]",,,
ACSA,Acer saccharinum L.,[],"[""silver maple""]",,,
ACSH,Acer saccharum Marsh.,[],"[""sugar maple""]",,,
ACSC,Acer spicatum Lam.,[],"[""mountain maple""]",,,
ACSP,Acer spp. L.,[],"[""maple""]",angiosperm,deciduous,diffuse-porous
ACTU,Acer turkestanica Pax,[],[],,,
ASCA,Acosmium cardenasii H.S.Irwin & Arroyo,[],[],,,
ADDI,Adansonia digitata,[],"[""baobab"", ""monkey bread tree""]",,,
ADFA,Adenostoma fasciculatum,[],"[""chamise""]",,,
ADHO,Adesmia horrida Gill.,[],[],,,
ADUS,Adesmia uspallatensis Gill.,[],[],,,
AEHI,Aesculus hippocastanum L.,[],"[""horse chestnut""]",,,
AEPU,Aextoxicon punctatum,[],"[""olivillo"", ""tique""]",,,
AFAF,Afzelia africana,[],[],,,
AFQU,Afzelia quanzensis Welw.,[],"[""afzelia mambokofi"", ""chanfuta"", ""mbembakofi""]",,,
AGAU,Agathis australis (D. Don) Loudon,[],"[""kauri pine""]",,,
AGMA,Agathis macrophylla,[],"[""Fijian kauri""]",,,
AGMO,Agathis moorei Mast.,[],[],,,
AGOV,Agathis ovata Warb.,[],"[""kauri""]",,,
AGPA,Agathis palmerstoni,[],[],,,
AGRO,Agathis robusta (C. Moore ex F. Muell) Bailey,[],"[""kauri pine""]",,,
AGVI,Agathis vitiensis (Seeman) Benth. & Hook.f. ex Drake,[],[],,,
AIAL,Ailanthus altissima (Mill.) Swingle,[],"[""Tree of Heaven""]",,,
ALTR,Alchornea triplinervia (Spreng.) Müll.Arg.,[],[],,,
ALVE,Allocasuarina verticillata (Lam.) L.A.S. Johnson,"[""Casuarina verticillata Lam.""]",[],,,
ALAC,Alnus acuminata Kunth,[],[],,,
ALGL,Alnus glutinosa (L.) Gaertn.,[],"[""common alder"", ""European alder"", ""black alder""]",,,
ALHI,Alnus hirsuta (Spach.) Rupr.,[],[],,,
ALIN,Alnus incana (L.) Moench,[],"[""grey alder"", ""white alder""]",,,
ALMA,Alnus maximowiczii Call.,[],[],,,
ALRH,Alnus rhombifolia Nutt.,[],"[""white alder""]",,,
ALRU,Alnus rubra Bong.,[],"[""red alder""]",,,
ALRG,Alnus rugosa (Du Roi) Spreng.,[],"[""speckled alder"", ""rough alder""]",,,
ALSE,Alnus serrulata (Ait.) Willd.,[],"[""hazel alder""]",,,
ALSI,Alnus sinuata (Regel.) Rydb,[],"[""Sitka alder""]",,,
ALSP,Alnus spp. Mill.,[],"[""alder""]",,,
ALVI,Alnus viridis (Chaix) DC. in Lam. & DC.,[],"[""green alder""]",,,
ALCR,Alnus viridis var. crispa (Ait.) Turrill,[],"[""American green alder""]",,,
AMSP,Amelanchier Medik.,[],"[""serviceberry""]",,,
AMOV,Amelanchier ovalis M.,[],[],,,
AMLU,Amomyrtus luma (Mol.) Legr. et Kaus.,[],"[""luma""]",,,
ADCO,Anadenanthera colubrina var. cebil (Griseb.) Altschul,"[""Anadenanthera macrocarpa (Benth.) Brenan""]",[],,,
ANCO,Andira coriacea Pulle,[],"[""Saint Martin rouge""]",,,
ANSP,Annona spraguei,[],[],,,
ARAN,Araucaria angustifolia (Bertol.) Kuntze,[],"[""Parana araucaria"", ""Parana pine"", ""candelabra tree""]",,,
ARAR,Araucaria araucana (Molina) K. Koch,[],"[""monkey puzzle"", ""araucaria"", ""pehuen""]",,,
ARBI,Araucaria bidwilli Hook.,[],"[""bunya pine"", ""bunya""]",,,
ARCU,Araucaria cunninghamii Aiton ex D. Don,[],"[""hoop pine"", ""Moreton bay pine"", ""colonial pine""]",,,
ARHE,Araucaria heterophylla (Salisb.) Franco,[],"[""Norfolk Island pine""]",,,
ARHU,Araucaria hunsteinii,[],"[""Klinki pine""]",,,
ARSP,Araucaria spp. A.L. Jussieu,[],[],,,
ARGL,Arctostaphylos glauca Lindl.,[],"[""bigberry manzanita""]",,,
ARTR,Artemisia tridentata Nutt.,[],"[""big sagebrush""]",,,
ASTO,Aspidosperma tomentosum Mart.,[],"[""Jichituriqui amarillo""]",,,
ATCU,Athrotaxis cupressoides D. Don,[],"[""pencil pine"", ""smooth Tasmanian cedar""]",,,
ATSE,Athrotaxis selaginoides D. Don,[],"[""King Billy pine""]",,,
AUKL,Aucoumea klaineana Pierre,[],"[""okoume""]",,,
AUCH,Austrocedrus chilensis (D. Don) Pic. Serm. & Bizzarri,[],"[""Chilean cedar"", ""cipres de la cordillera"", ""Chilean incense cedar""]",,,
AVMA,Avicennia marina (Forssk.) Vierh.,[],"[""gray mangrove"", ""white mangrove""]",,,
BAPL,Baikiaea plurijuga Harms,[],"[""Zambezi teak""]",,,
BAAE,Balanites aegyptiacam,[],"[""Jericho balsam""]",,,
BLTA,Beilschmiedia tawa (A. Cunn.) Benth. et Hook.f.,[],"[""ex Kirktawa""]",,,
BBVU,Berberis vulgaria L.,[],"[""common barberry""]",,,
BTEX,Bertholletia excelsa,[],[],,,
BEAB,Betula albosinensis Burk.,[],"[""Chinese birch""]",angiosperm,deciduous,diffuse-porous
BEAL,Betula alleghaniensis Britton,[],"[""yellow birch""]",angiosperm,deciduous,diffuse-porous
BEER,Betula ermanii Cham.,[],[],angiosperm,deciduous,diffuse-porous
BEGL,Betula glangulosa Michx.,[],[],angiosperm,deciduous,diffuse-porous
BEGR,Betula grossa Sieb. & Zucc.,[],"[""Japanese cherry birch""]",angiosperm,deciduous,diffuse-porous
BELE,Betula lenta L.,[],"[""sweet birch"", ""black birch""]",angiosperm,deciduous,diffuse-porous
BENI,Betula nigra L.,[],"[""river birch""]",angiosperm,deciduous,diffuse-porous
BEPA,Betula papyrifera Marsh.,[],"[""paper birch""]",angiosperm,deciduous,diffuse-porous
BEAK,Betula papyrifera var. neoalaskana (Sarg.) Raup,[],"[""Alaska paper birch""]",angiosperm,deciduous,diffuse-porous
BEPE,Betula pendula Roth,"[""Betula verrucosa Ehrl.""]","[""European white birch"", ""silver birch""]",angiosperm,deciduous,diffuse-porous
BEPL,Betula platyphylla,[],[],angiosperm,deciduous,diffuse-porous
BEPO,Betula populifolia Marsh.,[],"[""gray birch""]",angiosperm,deciduous,diffuse-porous
BEPU,Betula pubescens Ehrh.,"[""Betula carpatica Walldst.& Kit.ex Willd.""]","[""downy birch"", ""mountain birch"", ""white birch""]",angiosperm,deciduous,diffuse-porous
BESP,Betula spp. L.,[],"[""birch""]",angiosperm,deciduous,diffuse-porous
BEUT,Betula utilis D.Don,[],"[""Himalayan birch""]",angiosperm,deciduous,diffuse-porous
BEVE,Betula verrucosa Ehrl.,"[""Betula pendula Roth""]","[""silver birch"", ""European white birch""]",angiosperm,deciduous,diffuse-porous
BOQU,Bombacopsis quinata (Jaqu.) Dugand,[],[],,,
BOMA,Bombax malabaricum DC.,[],"[""semul ngiu"", ""ngiew"", ""gon run do""]",,,
BRSP,Brachystegia spiciformis Benth.,[],[],,,
BUGR,Bursera graveolens (Kunth) Triana & Planch.,[],"[""palo santo""]",,,
BUSI,Bursera simaruba (L.) Sarg.,[],"[""West-Indian birch"", ""gumbo-limbo""]",,,
BUSE,Buxus sempervirens L.,[],"[""common box""]",,,
CACO,Callitris columellaria F. Muell.,[],"[""cypress pine""]",,,
CAIN,Callitris intratropica R. Baker & H.G. Smith,[],"[""cypress pine""]",,,
CAMA,Callitris macleayana F. Muell,[],"[""brush cypress pine""]",,,
CAPR,Callitris preissii Miq.,[],"[""Rottnest Island Pine""]",,,
CARO,Callitris robusta (A. Cunn. ex Parl.) F.M. Bailey,"[""Callitris preissii Miq.""]","[""Rottnest Island pine""]",,,
CASP,Callitris spp. Ventenat,[],[],,,
CADE,Calocedrus decurrens (Torr.) Florin,"[""Libocedrus decurrens Torr.""]","[""California incense cedar""]",,,
CABU,Canthium burttii,[],"[""canthium""]",,,
CASC,Capparis scabrida Kunth,"[""Capparis angulata Ruiz & Pav. ex DC.""]","[""sapote""]",,,
CAPC,Carapa procera C.DC.,[],"[""carapa""]",,,
CPBE,Carpinus betulus L.,[],"[""hornbeam""]",,,
CYCO,Carya cordoformis (Wangenh.) K. Koch,[],"[""bitternut hickory""]",,,
CYGL,Carya glabra (Mill.) Sweet,[],"[""pignut hickory""]",,,
CYIL,Carya illinoensis (Wagenh.) K. Koch,[],"[""pecan""]",,,
CYOV,Carya ovata (Mill.) K. Koch,[],"[""shagbark hickory""]",,,
CYSP,Carya spp. L.,[],"[""hickory""]",,,
CYTE,Carya texana Buckley,[],"[""black hickory""]",,,
CYTO,Carya tomentosa (Poir.) Nutt.,[],"[""mockernut hickory""]",,,
CAGL,Caryocar glabrum Aubl.,[],"[""chawari""]",,,
CACR,Castanea crenata Sieb. et Zucc.,[],"[""Japanese chestnut""]",,,
CADN,Castanea dentata (Marsh.) Borkh.,[],"[""American Chestnut""]",,,
CASA,Castanea sativa Mill.,[],"[""sweet chestnut"", ""European chestnut""]",angiosperm,deciduous,ring-porous
CSLI,Casuarina litoralis Salisb.,[],"[""black she-oak""]",,,
CTSP,Catalpa speciosa Warder ex Engelm.,[],"[""northern catalpa""]",,,
CNCR,Ceanothus crassifolius Torr.,[],"[""hoaryleaf ceanothus""]",,,
CEAN,Cedrela angustifolia Sesse & Mocino ex DC.,"[""Cedrela balansae C. DC.""]","[""cedro salteno""]",,,
CEFI,Cedrela fissilis Vell.,[],[],,,
CELI,Cedrela lilloi C. DC.,[],[],,,
CENE,Cedrela nebulosa T.D.Penn & Daza,[],[],,,
CEOD,Cedrela odorata L.,[],[],,,
CESA,Cedrela salvadorensis Standl.,[],[],,,
CESP,Cedrela spp.,[],[],,,
CETO,Cedrela toona Roxb.,[],[],,,
CDAT,Cedrus atlantica (Endl.) Manetti ex Carrière,[],"[""Atlantic cedar"", ""Atlas cedar""]",,,
CDBR,Cedrus brevifolia Henry,"[""Cedrus libani var.brevifolia""]","[""Cyprian cedar""]",,,
CDDE,Cedrus deodara (D. Don) G. Don,[],"[""deodar cedar"", ""Himalayan cedar""]",,,
CDLI,Cedrus libani A. Rich.,[],"[""Cedar of Lebanon""]",,,
CDSP,Cedrus spp. Trew,[],"[""cedar""]",,,
CLCA,Celtis caucasica Willd.,[],"[""Caucasian nettle tree""]",,,
CLLA,Celtis laevigata Willd.,[],"[""sugarberry""]",,,
CLOC,Celtis occidentalis L.,[],"[""hackberry""]",,,
CLRE,Celtis reticulata Torr.,[],"[""netleaf hackberry""]",,,
CLSP,Celtis spp. L.,[],"[""hackberry""]",,,
CNPL,Cenostigma pluviosum (DC.) Gagnon & G.P.Lewis,"[""Caesalpinia pluviosa DC.""]",[],,,
CEMC,Centrolobium microchaete (Benth.) H.C. Lima,[],"[""Canary wood""]",,,
CEOC,Cephalanthus occidentalis L.,[],"[""buttonbush""]",,,
CEMI,Cercidium microphyllum (Torr.) Rose & Johnst.,[],"[""yellow paloverde""]",,,
CRBE,Cercocarpus betuloides Nutt.,[],"[""birchleaf mountain-mahogany""]",,,
CRLE,Cercocarpus ledifolius Nutt.,[],"[""curlleaf mountain-mahogany""]",,,
CRMO,Cercocarpus montanus Raf.,[],"[""alderleaf cercocarpus""]",,,
CRSP,Cercocarpus spp. H.B.K.,[],"[""cercocarpus""]",,,
CHFO,Chamaecyparis formosensis Matsum.,[],"[""Formosan false cypress"", ""Taiwan red cypress""]",,,
CHLA,Chamaecyparis lawsoniana (A. Murray bis) Parl.,[],"[""Port Orford cedar""]",,,
CHNO,Chamaecyparis nootkatensis (D. Don) Spach,[],"[""Alaska yellow-cedar"", ""Nootka cypress""]",,,
CHOB,Chamaecyparis obtusa (Sieb. & Zucc.) Endl.,[],"[""hinoki cypress"", ""Formosan cypress""]",,,
CHPI,Chamaecyparis pisifera Sieb. & Zucc.,[],"[""sawara cypress""]",,,
CHTH,Chamaecyparis thyoides (L.) B.S.P.,[],"[""Atlantic white-cedar""]",,,
CLEX,Chlorophora excelsa,[],[],,,
CHSP,Chorisia speciosa St. Hil.,[],[],,,
CKTA,Chukrasia tabularis A.Juss.,[],[],,,
CIFR,Citharexylum fruticosum L.,[],"[""Florida fiddlewood""]",,,
COCO,Copaifera coleosprema,[],[],,,
COAP,Cordia apurensis Agostini,[],[],,,
COBI,Cordia bicolorA.DC.,[],[],,,
COEL,Cordia elaeagnoides DC.,[],[],,,
COTR,Cordia trichotoma Vell.,[],[],,,
COAL,Corida alliodora (Ruiz. & Pav.) Cham.,[],[],,,
COFL,Cornus florida L.,[],"[""flowering dogwood""]",,,
CONU,Cornus nuttallii Audubon ex Torr. & A.Gray,[],"[""Pacific Dogwood""]",,,
COSA,Cornus sanguinea,[],[],,,
COSP,Cornus spp. L.,[],"[""dogwood""]",,,
COAV,Corylus avellana L.,[],"[""common hazel""]",,,
COSI,Corylus sieboldiana blume,[],"[""hazel""]",,,
CTCO,Cotinus coggygria Scop.,[],"[""European Smoketree""]",,,
CRAZ,Crataegus azarolus L.,[],"[""azarole""]",,,
CMJA,Cryptomeria japonica (Thunb. ex L.f.) D. Don,[],"[""Japanese cedar"", ""sugi"", ""cryptomeria""]",,,
CUAZ,Cupressus arizonica Greene,[],"[""Arizona cypress""]",,,
CUAT,Cupressus atlantica Gaussen,[],"[""Atlas cypress""]",,,
CUCH,Cupressus chengiana S.Y.Hu,[],"[""min jiang bai mu""]",,,
CUDU,Cupressus dupreziana,[],[],,,
CUGI,Cupressus gigantea,[],[],,,
CUGL,Cupressus glabra Sudworth,[],"[""smooth Arizona cypress""]",,,
CULU,Cupressus lusitanica Mill.,"[""Cupressus lindleyi Klotzsch.""]","[""Mexican cypress""]",,,
CUSE,Cupressus sempervirens L.,[],"[""Italian cypress"", ""Mediterranean cypress""]",,,
CYRA,Cyrilla racemiflora L.,[],"[""swamp cyrilla"", ""leatherwood""]",,,
DADA,Dacrycarpus dacrydioides,[],"[""kahikatea""]",,,
DABD,Dacrydium bidwillii,[],"[""New Zealand mountain pine""]",,,
DABI,Dacrydium biforme (Hook.) Pilg.,"[""Halocarpus biformis (Hook.) Quinn"", ""Halocarpus biformis Hook.""]","[""pink pine""]",,,
DACO,Dacrydium colensoi Hook.,"[""Manoao colensoi (Hook.) Molloy""]","[""silver pine""]",,,
DACU,Dacrydium cupressinum Lamb.,[],"[""rimu"", ""red pine""]",,,
DAFR,Dacrydium franklinii Hook f.,[],"[""Huon pine""]",,,
DIGU,Dicorynia guianensis Amsh.,[],"[""angelique""]",,,
DSVI,Diospyros virginiana L.,[],"[""common persimmon""]",,,
DITO,Discaria toumatou,[],[],,,
DITR,Discaria trinervis Reiche.,[],[],,,
DRLA,Dracophyllum latifolium,[],[],,,
DRLO,Dracophyllum longifolium R.Br. ex Roem. & Schult.,[],"[""Inaka""]",,,
DRWI,Drimys winteri J.R. et G. Forst,[],"[""canelo"", ""winter bark""]",,,
DUVI,Duschenkia viridis Opiz,"[""Betula ovata Schrank.""]",[],,,
DYMA,Dysoxylum malabaricum Bedd.,[],"[""Indian white cedar"", ""Bombay white cedar""]",,,
ELGL,Elaeoluma glabrascens,[],[],,,
EMRU,Empetrum rubrum Vahl ex. Willd.,[],"[""murtilla""]",,,
ENAN,Entandrophragma angolense,[],[],,,
ENCA,Entandrophragma candollei,[],[],,,
ENCY,Entandrophragma cylindricum,[],[],,,
ENUT,Entandrophragma utile,[],[],,,
EPSP,Ephedra spp. L.,[],[],,,
ERIV,Erythrophloeum ivorense A.Chev.,[],[],,,
EUCA,Eucalyptus camaldulensis Dehnh.,[],"[""river red gum""]",angiosperm,deciduous,diffuse-porous
EUDE,Eucalyptus delegatensis R. Baker,[],"[""alpine ash""]",angiosperm,deciduous,diffuse-porous
EUGL,Eucalyptus globulus Labill.,[],"[""tasmanian bluegum""]",angiosperm,deciduous,diffuse-porous
EUMA,Eucalyptus marginata Donn. ex Sm.,[],"[""jarrah""]",angiosperm,deciduous,diffuse-porous
EUMI,Eucalyptus miniata Cunn. ex Shaver,[],"[""Darwin woolybutt""]",angiosperm,deciduous,diffuse-porous
EUNE,Eucalyptus nesophila Blakely,[],"[""Melville Island bloodwood""]",angiosperm,deciduous,diffuse-porous
EUOR,Eucalyptus oreades R.T. Baker,[],"[""Blue Mountains ash""]",angiosperm,deciduous,diffuse-porous
EUPA,Eucalyptus pauciflora Sieb.,[],"[""snow gum"", ""cabbage gum""]",angiosperm,deciduous,diffuse-porous
EUST,Eucalyptus stellulata Sieb. ex DC,[],"[""black salee""]",angiosperm,deciduous,diffuse-porous
EUTE,Eucalyptus tetradonta F. Muell.,[],"[""Darwin stringybark""]",angiosperm,deciduous,diffuse-porous
EUVI,Eucalyptus viminalis Labill.,[],"[""ribbongum""]",angiosperm,deciduous,diffuse-porous
EUCO,Eucryphia cordifolia,[],"[""ulmo"", ""muermo""]",,,
EUJA,Eugenia jambolana Lam.,[],"[""kelat eugenia"", ""jaman""]",,,
EXCU,Exocarpus cuppressiforme Labill.,[],"[""native cherry""]",,,
FACR,Fagus crenata Blume,[],"[""bunya beech""]",,,
FAGR,Fagus grandifolia Ehrh.,[],"[""American beech""]",,,
FAOR,Fagus orientalis Lipsky,[],"[""Oriental beech"", ""eastern beech""]",angiosperm,deciduous,diffuse-porous
FASP,Fagus spp. L.,[],"[""beech""]",,,
FASY,Fagus sylvatica L.,[],"[""European beech"", ""common beech""]",angiosperm,deciduous,diffuse-porous
FCSP,Ficus spp.,[],"[""fig""]",,,
FICU,Fitzroya cupressoides (Molina) I.M. Johnst.,[],"[""alerce"", ""Patagonian cypress""]",,,
FOHO,Fokienia hodginsii,[],"[""Fujian Cypress""]",,,
FRAM,Fraxinus americana L.,[],"[""white ash""]",,,
FRCA,Fraxinus caroliniana Mill.,[],"[""Carolina ash""]",,,
FREX,Fraxinus excelsior L.,[],"[""European ash"", ""common ash""]",,,
FRMA,Fraxinus mandshurica Rupr.,[],"[""Manchurian ash"", ""yachidamo""]",,,
FRNI,Fraxinus nigra Marsh.,[],"[""black ash""]",,,
FRPE,Fraxinus pennsylvanica Marsh.,[],"[""green ash"", ""red ash""]",,,
FRSP,Fraxinus spp. L.,[],"[""ash""]",,,
FRVE,Fraxinus velutina Torr.,[],"[""velvet ash""]",,,
GEAV,Gevuina avellana,[],"[""avellano""]",,,
GIBI,Gingko biloba L.,[],"[""maidenhair tree"", ""gingko""]",,,
GLTR,Gleditsia triacanthos L.,[],"[""honey locust""]",,,
GMAR,Gmelina arborea,[],[],,,
GOLA,Gordonia lasianthus (L.) Ellis,[],"[""loblolly-bay""]",,,
GOGL,Goupia glabra Aubl.,[],"[""goupia""]",,,
GRVI,Grevillea victoriae F. Muell.,[],[],,,
GUCE,Guarea cedrata,[],[],,,
HABD,Halocarpus bidwillii,[],"[""bog pine""]",,,
HABI,Halocarpus biformis (Hook.) Quinn,[],"[""pink pine""]",,,
HAKI,Halocarpus kirkii,[],"[""manoao""]",,,
HAVI,Hamamelis viginiana L.,[],"[""witch hazel""]",,,
HAIM,Handroanthus impetiginosus (Mart. ex DC.) Mattos,"[""Tabebuia impetiginosa (Mart. ex DC.) Standl.""]",[],,,
HEHE,Hedera helix L.,[],"[""English Ivy"", ""European Ivy""]",,,
HEAN,Hedycaria angustifolia A. Cunn.,[],"[""native mulberry""]",,,
HEAR,Heteromeles arbutifolia (Lindl.) M.J. Roem.,[],"[""toyon""]",,,
HEBR,Hevea brasiliensis (Wild. ex Adr. de Juss.) Muell. Arg.,[],"[""rubber tree""]",,,
HYCO,Hymenaea courbaril L.,[],"[""algarrobo"", ""pecueca"", ""mangle duro""]",,,
ILAQ,Ilex aquifolium L.,[],"[""English holly""]",,,
ILCA,Ilex cassine L.,[],"[""dahoon holly""]",,,
ILCO,Ilex coriacea (Pursh) Chapm.,[],"[""sweet gallberry"", ""large gallberry""]",,,
ILGL,Ilex glabra (L.) Gray,[],"[""gallberry"", ""inkberry""]",,,
ILIN,Ilex inundata,[],[],,,
ILOP,Ilex opaca Ait.,[],"[""American holly""]",,,
JACO,Jacaranda copaia D.Don,[],[],,,
JGAU,Juglans australis Griseb.,[],"[""Argentine walnut""]",,,
JGCI,Juglans cinerea L.,[],"[""butternut""]",,,
JGNE,Juglans neotropica Diels,[],[],,,
JGNI,Juglans nigra L.,[],"[""black walnut""]",,,
JGRE,Juglans regia L.,[],"[""common walnut""]",,,
JUCH,Juniperus chinensis L.,[],"[""Chinese juniper""]",,,
JUCO,Juniperus communis L.,[],"[""common juniper""]",,,
JUCN,Juniperus conferta Parl.,"[""Juniperus litoralis Maxim.""]",[],,,
JUDE,Juniperus deppeana Steud.,[],"[""alligator juniper""]",,,
JUDR,Juniperus drupacea Labill.,[],"[""Syrian juniper""]",,,
JUEX,Juniperus excelsa M.-Bieb.,[],"[""Greek juniper"", ""Grecian juniper""]",,,
JUFO,Juniperus foetidissima Willd.,[],"[""stinking juniper""]",,,
JUMA,Juniperus macropoda Boiss.,[],"[""Himalayan pencil pine""]",,,
JUMO,Juniperus monosperma (Emgelm.) Sarg.,[],"[""one-seed juniper""]",,,
JUOC,Juniperus occidentalis Hook.,[],"[""western juniper""]",,,
JUOS,Juniperus osteosperma (Torr.) Little,[],"[""Utah juniper""]",,,
JUOX,Juniperus oxycedrus L.,[],"[""prickly juniper""]",,,
JUPH,Juniperus phoenicea L.,[],"[""Phoenicean juniper""]",,,
JUPI,Juniperus pinchotii Sudw.,[],"[""redberry juniper"", ""Pinchot juniper""]",,,
JUPC,Juniperus procera Hochst. ex Endl.,[],"[""African pencil cedar"", ""East African juniper"", ""Uganda juniper""]",,,
JUPR,Juniperus przewalskii Komarov,"[""Sabina przewalskii Komarov""]","[""Qilianshan juniper""]",,,
JURE,Juniperus recurva Buch.-Ham. ex D. Don,[],"[""drooping juniper""]",,,
JUSC,Juniperus scopulorum Sarg.,[],"[""Rocky Mountain juniper""]",,,
JUSM,Juniperus semiglobosa Regel,"[""Juniperus indica""]",[],,,
JUSE,Juniperus seravschanica Komar.,"[""Juniperus palycarpos""]",[],,,
JUSP,Juniperus spp. L.,[],"[""juniper""]",,,
JUTH,Juniperus thurifera L.,[],"[""Spanish juniper""]",gymnosperm,evergreen,non-porous
JUTI,Juniperus tibetica Kom.,[],"[""Tibetan juniper""]",,,
JUTU,Juniperus turkestanica Komar.,[],"[""Turkestan juniper""]",,,
JUVI,Juniperus virginiana L.,[],"[""eastern red-cedar""]",,,
KHGR,Khaya grandifolia C.DC.,[],"[""Benin mahogany"", ""African mahogany"", ""acajou""]",,,
KRDR,Krenevaja drevesina,[],[],,,
KUER,Kunzea ericoides (A. Rich.) J. Thompson,[],"[""white tea tree"", ""kanuka""]",,,
LBGL,Labatia glomerata,[],[],,,
LBAN,Laburnum anagyroides Medik.,[],"[""common laburnum""]",,,
LGCO,Lagarostrobus colensoi (Hook.) C.J. Quinn,"[""Dacrydium colensoi Hook.""]",[],,,
LGFR,Lagarostrobus franklinii (Hook. f.) Quinn,[],"[""huon pine""]",,,
LSFL,Lagerstroemia flos-reginae Retz.,[],"[""pyinma banaba"", ""banglang"", ""jarul""]",,,
LSLA,Lagerstroemia lanceolata Wall.,[],"[""benteak"", ""nana""]",,,
LSPA,Lagerstroemia parviflora Roxb.,[],"[""lendia""]",,,
LGSP,Lagerstroemia speciosa (L.) Pers.,[],[],,,
LACA,Larix cajanderi Mayr,"[""Larix gmelinii""]",[],,,
LADE,Larix decidua Mill.,[],"[""European larch""]",gymnosperm,deciduous,non-porous
LAGM,Larix gmelinii (Rupr.) Kuzen.,"[""L.kurulensis(Maxim ex Regel)Pilg."", ""L.dahuricaTurcz.exTratv"", ""Larix cajanderi Mayr""]","[""Dahurian larch""]",gymnosperm,deciduous,non-porous
LAGR,Larix griffithiana (Lindl. & Gord.) Carr.,[],"[""Himalayan larch""]",gymnosperm,deciduous,non-porous
LAJA,Larix japonica Carr.,"[""Larix kaempferi (Lamb.) Carr.""]","[""Japanese larch""]",gymnosperm,deciduous,non-porous
LALA,Larix laricina (Du Roi) K. Koch,[],"[""tamarack"", ""eastern larch""]",gymnosperm,deciduous,non-porous
LALY,Larix lyallii Parl.,[],"[""subalpine larch""]",gymnosperm,deciduous,non-porous
LAOC,Larix occidentalis Nutt.,[],"[""western larch""]",gymnosperm,deciduous,non-porous
LAPO,Larix potanini Batal.,[],"[""Chinese larch""]",gymnosperm,deciduous,non-porous
LASI,Larix sibirica Ledeb.,"[""Larix russica (Endl.) Sabine ex Trautv.""]","[""Siberian larch""]",gymnosperm,deciduous,non-porous
LASP,Larix spp. Mill.,[],"[""larch""]",gymnosperm,deciduous,non-porous
LASU,Larix sukachevii,"[""Larix sibirica""]",[],,,
LAPH,Laurelia philippiana,[],"[""tepa""]",,,
LASE,Laurelia sempervirens,[],"[""laurel""]",,,
LAHU,Laxopterigium huasango,[],"[""haltaco""]",,,
LECO,Lecythis corrugata Poit.,[],"[""angelique""]",,,
LEIN,Lepidothamnus intermedius,[],[],,,
LEFL,Leptospermum flavescens,[],"[""tea tree""]",,,
LESC,Leptospermum scoparium,[],[],,,
LIBI,Libocedrus bidwillii Hook. f.,[],"[""New Zealand cedar"", ""pahautea""]",,,
LIDE,Libocedrus decurrens Torr.,"[""Calocedrus decurrens""]",[],,,
LIPL,Libocedrus plumosa (D.Don) Sarg.,[],"[""kawaka"", ""plume incense cedar""]",,,
LISP,Libocedrus spp. Endl.,[],"[""incense-cedar""]",,,
LGVU,Ligustrum vulgare L.,[],[],,,
LIST,Liquidambar styraciflua L.,[],"[""sweetgum""]",,,
LITU,Liriodendron tulipifera L.,[],"[""tuliptree"", ""yellow-poplar"", ""tulip-poplar""]",,,
LOFR,Lomatia fraseri R.Br.,[],"[""tree lomatia"", ""silky lomatia""]",,,
LOHI,Lomatia hitsuta (Lam.) Diel ex. Macbr.,[],"[""radal""]",,,
LOXY,Lonicera xylosteum L.,[],[],,,
LOTR,Lovoa trichilioides Harms,[],"[""dibetou""]",,,
MAAC,Magnolia accuminata L.,[],"[""cucumbertree""]",,,
MAGR,Magnolia grandiflora L.,[],"[""southern magnolia""]",,,
MAVI,Magnolia virginiana L.,[],"[""sweetbay"", ""swampbay""]",,,
MASY,Malus sylvestris L.,[],"[""apple tree""]",,,
MABI,Manilkara bidentata A. Chev.,[],"[""balata franc""]",,,
MICH,Michelia champaca L.,[],[],,,
MINI,Michelia nilagirica Zenk,[],[],,,
MROD,Morisonia odoratissima (Jacq.) Christenh. & Byng,"[""Capparis odoratissima Jacq.""]",[],,,
MOCO,Moronobea coccinea Aubl.,[],"[""mountain manil"", ""manil montagne""]",,,
MOAL,Morus alba L.,[],"[""white mulberry""]",,,
MORU,Morus rubra L.,[],"[""red mulberry""]",,,
MYCE,Myrica cerifera L.,[],"[""southern bayberry""]",,,
MYGA,Myrica gale L.,[],"[""sweet gale"", ""bog myrtle""]",,,
NEAM,Nectandra amazonum,[],[],,,
NEOP,Nectandra oppositifolia Nees & Mart.,[],[],,,
NTLO,Notelaea longifolia Vent.,[],"[""large mock-olive""]",,,
NOAL,Nothofagus alpina,[],"[""rauli""]",,,
NOAN,Nothofagus antarctica (Forst) Oerst.,[],"[""Antarctic beech"", ""nirre""]",,,
NOBE,Nothofagus betuloides (Mirb.) Blume,[],"[""coihue de Magallanes"", ""guindo""]",,,
NOCU,Nothofagus cunninghamii Oerst.,[],"[""myrtle beech"", ""Australian nothofagus""]",,,
NODO,Nothofagus dombeyi (Mirb.) Blume,[],"[""coihue"", ""Dombey's southern beech""]",,,
NOFU,Nothofagus fusca (Hook. f.) Oerst.,[],"[""red beech"", ""New Zealand red beech""]",,,
NOGU,Nothofagus gunnii (Hook. f.) Oerst.,[],"[""tanglefoot beech""]",,,
NOME,Nothofagus menziesii (Hook. f.) Oerst.,[],"[""silver beech"", ""Menzies's red beech""]",,,
NONE,Nothofagus nervosa Dim. et Mil.,[],"[""rauli""]",,,
NONI,Nothofagus nitida,[],[],,,
NOOB,Nothofagus obliqua (Mirb.) Blume,[],"[""southern beech"", ""roble""]",,,
NOPU,Nothofagus pumilio (Poepp. & Endl.) Reiche,[],"[""lenga""]",,,
NOSO,Nothofagus solanderi (Hook f.) Oerst.,[],"[""mountain beech"", ""black beech""]",,,
NYOG,Nyssa ogeched Bartr. ex Marsh.,[],"[""Ogeechee tupelo""]",,,
NYSY,Nyssa sylvatica Marsh.,[],"[""black tupelo"", ""blackgum""]",,,
OCUS,Ocotea usambarensis Engl.,[],"[""ocotea"", ""East African camphorwood"", ""camphor""]",,,
OSCA,Ostrya carpinifolia Scop.,[],"[""hop hornbeam""]",,,
OXAR,Oxydendrum arboreum (L.) DC,[],"[""sourwood""]",,,
PARI,Parapiptadenia rigida Benth.,[],[],,,
PAAU,Parkia auriculata,[],[],,,
PAPR,Parkinsonia praecox (Ruiz & Pav.) Hawkins,[],[],,,
PATO,Paulownia tomentosa (Thumb.) Steud.,[],"[""empress tree""]",,,
PECA,Peronema canescens Jack.,[],"[""koeroes"", ""sunkai""]",,,
PEBO,Persea borbonia (L.) Spreng.,[],"[""shorebay"", ""redbay""]",,,
PELI,Persea lingue Nees,[],"[""lingue""]",,,
PELN,Petrophile linearis R.Br.,[],"[""pixie mops""]",,,
PBPO,Phoebe porfiria Mez.,[],[],,,
PHAL,Phyllocladus alpinus Hook. f.,"[""Phyllocladus trichomanoides D. Don var. alpinus (Hook. f.) Parl.""]","[""mountain toatoa"", ""alpine celery top pine""]",,,
PHAS,Phyllocladus aspleniifolius (Labill.) Hook. f.,[],"[""celery top pine""]",,,
PHGL,Phyllocladus glaucus Carrière,"[""Phyllocladus aspleniifolius (Labill.) Hook. f.""]","[""toatoa""]",,,
PHTR,Phyllocladus trichomanoides D. Don,[],"[""tanekaha""]",,,
PCAB,Picea abies (L.) H. Karst.,[],"[""Norway spruce""]",gymnosperm,evergreen,non-porous
PCAJ,Picea ajanensis,"[""Picea jezoensis""]",[],,,
PCAS,Picea asperata Mast.,[],"[""dragon spruce""]",gymnosperm,evergreen,non-porous
PCBA,Picea balfouriana,[],[],gymnosperm,evergreen,non-porous
PCBR,Picea brachytyla (Franch.) Pritz.,[],[],gymnosperm,evergreen,non-porous
PCCA,Picea cajanensis Lindl. et Gord.,[],[],gymnosperm,evergreen,non-porous
PCCH,Picea chihuahuana Martinez,[],"[""chihuahua spruce""]",gymnosperm,evergreen,non-porous
PCEN,Picea engelmannii Parry ex Engelm.,[],"[""Engelmann spruce""]",gymnosperm,evergreen,non-porous
PCEX,Picea excelsa Link,"[""Picea abies (L.) Karst""]","[""Norway spruce""]",,,
PCGL,Picea glauca (Moench) Voss,[],"[""white spruce""]",gymnosperm,evergreen,non-porous
PCGN,Picea glehnii (Fr. Schmidt) Mast.,[],"[""Sakhalin spruce""]",gymnosperm,evergreen,non-porous
PCJE,Picea jezoensis (Sieb. & Zucc.) Carr.,[],"[""Yezo spruce"", ""Hondo spruce""]",gymnosperm,evergreen,non-porous
PCLI,Picea likiangensis (Franchet) Pritzel,[],"[""Likiang spruce""]",gymnosperm,evergreen,non-porous
PCMA,"Picea mariana (Mill.) Britton, Sterns, & Poggenb.",[],"[""black spruce""]",gymnosperm,evergreen,non-porous
PCOB,Picea obovata Ledeb.,"[""Picea abies (L.) H. Karst. subsp. obovata (Ledeb.) Hult\u00e9n""]","[""Siberian spruce"", ""Norway spruce""]",gymnosperm,evergreen,non-porous
PCOM,Picea omorika (Pancic) Purk.,[],"[""Serbian spruce"", ""Pancic spruce""]",gymnosperm,evergreen,non-porous
PCOR,Picea orientalis (L.) Peterm.,[],"[""eastern spruce"", ""Oriental spruce""]",gymnosperm,evergreen,non-porous
PCPU,Picea pungens Engelm.,[],"[""blue spruce"", ""Colorado spruce""]",gymnosperm,evergreen,non-porous
PCPR,Picea purpurea Mast.,[],[],gymnosperm,evergreen,non-porous
PCRU,Picea rubens Sarg.,[],"[""red spruce""]",gymnosperm,evergreen,non-porous
PCSH,Picea schrenkiana Fisch. & C.A. Mey.,[],"[""Shrenk's spruce""]",gymnosperm,evergreen,non-porous
PCSI,Picea sitchensis (Bong.) Carrière,[],"[""Sitka spruce""]",gymnosperm,evergreen,non-porous
PCSM,Picea smithiana (Wall.) Boiss.,[],"[""Himalayan spruce""]",gymnosperm,evergreen,non-porous
PCSN,Picea spinulosa (Griff.) Beissn.,[],"[""Sikkim spruce"", ""xi ma la ya yun shan""]",,,
PCSP,Picea spp. A. Dietr.,[],"[""spruce""]",gymnosperm,evergreen,non-porous
PCTI,Picea tienschanica Rupr.,[],"[""Tien-shan spruce""]",gymnosperm,evergreen,non-porous
PLUV,Pilgerodendron uviferum (D. Don) Florin,[],"[""cipres de las Guaytecas""]",,,
PIAL,Pinus albicaulis Engelm.,[],"[""whitebark pine""]",gymnosperm,evergreen,non-porous
PIAR,Pinus aristata Engelm.,[],"[""Rocky Mountain bristlecone pine""]",gymnosperm,evergreen,non-porous
PIAZ,Pinus arizonica Engelm.,[],"[""Arizona pine""]",,,
PIAM,Pinus armandii Franchet,[],"[""David's pine"", ""Armand's pine""]",gymnosperm,evergreen,non-porous
PIAY,Pinus ayacahuite Ehrenb. ex Schltdl.,[],"[""Mexican white Pine""]",,,
PIBA,Pinus balfouriana Balf.,[],"[""foxtail pine""]",gymnosperm,evergreen,non-porous
PIBN,Pinus banksiana Lamb.,[],"[""jack pine""]",gymnosperm,evergreen,non-porous
PIBR,Pinus brutia Ten.,[],"[""Calabrian pine"", ""brutia pine"", ""see kiefer""]",gymnosperm,evergreen,non-porous
PIBU,Pinus bungeana Zucc.,[],"[""lacebark pine""]",gymnosperm,evergreen,non-porous
PICN,Pinus canariensis Chr. Sm. ex DC,[],"[""Canary Island pine""]",gymnosperm,evergreen,non-porous
PICA,Pinus caribea Mor.,[],"[""Caribbean pine"", ""Cuban pine""]",gymnosperm,evergreen,non-porous
PICE,Pinus cembra L.,[],"[""Swiss stone pine"", ""Arolla pine""]",gymnosperm,evergreen,non-porous
PICM,Pinus cembroides Zucc.,[],"[""Mexican pinyon"", ""Mexican nut pine""]",gymnosperm,evergreen,non-porous
PICO,Pinus contorta Douglas ex Loudon,[],"[""lodgepole pine""]",gymnosperm,evergreen,non-porous
PICL,Pinus coulteri D.Don,[],"[""Coulter pine"", ""bigcone pine""]",gymnosperm,evergreen,non-porous
PICU,Pinus culminicola Andresen et Beaman,[],"[""Potosi Pinyon""]",,,
PIDN,Pinus densata,[],[],gymnosperm,evergreen,non-porous
PIDE,Pinus densiflora Siebold & Zucc.,[],"[""Japanese red pine""]",gymnosperm,evergreen,non-porous
PIDO,Pinus douglasiana Martínez,[],"[""Douglas pine"", ""Hayarin"", ""Ocote lacio""]",,,
PIDU,Pinus durangensis Martínez,[],"[""Durango pine"", ""Ocote"", ""Pino barb\u00f3n""]",,,
PIEC,Pinus echinata Mill.,[],"[""shortleaf pine""]",gymnosperm,evergreen,non-porous
PIED,Pinus edulis Engelm.,[],"[""pinyon"", ""Colorado pinyon""]",gymnosperm,evergreen,non-porous
PIEL,Pinus elliottii Engelm.,[],"[""slash pine""]",gymnosperm,evergreen,non-porous
PIEN,Pinus engelmannii Carr.,[],"[""Apache pine""]",gymnosperm,evergreen,non-porous
PIFL,Pinus flexilis E. James,[],"[""limber pine""]",gymnosperm,evergreen,non-porous
PIGE,Pinus gerardiana Wall. ex D. Don.,[],"[""chilgoza pine"", ""Gerard's pine""]",gymnosperm,evergreen,non-porous
PIGR,Pinus greggii Engelm. ex Parl.,[],"[""Gregg's pine"", ""Ocote""]",,,
PIHA,Pinus halepensis Mill.,[],"[""Aleppo pine"", ""Jerusalem pine""]",gymnosperm,evergreen,non-porous
PIHL,Pinus hallii,"[""Podocarpus hallii""]",[],,,
PIHR,Pinus hartwegii Lindl.,[],"[""Mexican Mountain pine""]",,,
PIHE,Pinus heldreichii Christ,[],"[""Heldreich's pine"", ""panzer fohre""]",gymnosperm,evergreen,non-porous
PIJE,Pinus jeffreyi Balf.,[],"[""Jeffrey pine""]",gymnosperm,evergreen,non-porous
PIKE,Pinus kesiya Royle ex Gordon,[],"[""Khasi pine""]",gymnosperm,evergreen,non-porous
PIKO,Pinus koraiensis Sieb. & Zucc.,[],"[""Korean pine""]",gymnosperm,evergreen,non-porous
PILG,Pinus lagunae M.-F. Passini,[],"[""laguna pinyon""]",gymnosperm,evergreen,non-porous
PILA,Pinus lambertiana Douglas,[],"[""sugar pine""]",gymnosperm,evergreen,non-porous
PILR,Pinus laricio Poir.,"[""Pinus nigra""]",[],,,
PICH,Pinus leiophylla var. chihuahuana (Engelm.),[],"[""Shaw  chihuahua pine""]",gymnosperm,evergreen,non-porous
PILE,Pinus leucodermis Ant.,[],"[""Bosnian pine"", ""greybark pine"", ""pino loricato""]",gymnosperm,evergreen,non-porous
PILO,Pinus longaeva D.K. Bailey,"[""Pinus aristata var. longaeva""]","[""Intermountain bristlecone pine""]",gymnosperm,evergreen,non-porous
PILU,Pinus lumholtzii B.L.Rob. & Fernald,[],"[""Lumholtz pine"", ""Lumholtz's pine"", ""Pino triste""]",,,
PIMA,Pinus massoniana Lamb.,[],"[""Masson pine""]",gymnosperm,evergreen,non-porous
PIMK,Pinus merkusii Jungh. & De Vriese,[],"[""Merkus pine"", ""mindoro pine"", ""Tenasserim pine""]",gymnosperm,evergreen,non-porous
PIME,Pinus mesogeensis Fieschi & Gaussen,[],"[""cluster pine""]",gymnosperm,evergreen,non-porous
PIMO,Pinus monophylla Torr. & Frém.,[],"[""singleleaf pinyon""]",gymnosperm,evergreen,non-porous
PIMZ,Pinus montezumae Lamb.,[],"[""Montezuma pine""]",gymnosperm,evergreen,non-porous
PIMC,Pinus monticola Dougl. ex D. Don in Lamb.,[],"[""western white pine""]",gymnosperm,evergreen,non-porous
PIMU,Pinus mughus Scop.,"[""Pinus mugo Turra""]","[""krummholz pine""]",gymnosperm,evergreen,non-porous
PIMG,Pinus mugo Turra,"[""Pinus montana Mill.""]","[""mountain pine"", ""stone pine""]",gymnosperm,evergreen,non-porous
PIMR,Pinus muricata D.Don,[],"[""bishop pine""]",gymnosperm,evergreen,non-porous
PINI,Pinus nigra J.F. Arnold,[],"[""Austrian pine"", ""black pine""]",gymnosperm,evergreen,non-porous
PIOC,Pinus occidentalis Swartz,[],"[""West Indian pine""]",gymnosperm,evergreen,non-porous
PIOO,Pinus oocarpa Schiede,[],[],gymnosperm,evergreen,non-porous
PIPL,Pinus pallasiana,"[""Pinus nigra""]",[],,,
PIPA,Pinus palustris Mill.,[],"[""longleaf pine""]",gymnosperm,evergreen,non-porous
PIPT,Pinus patula Schiede & Deppe,[],"[""Mexican weeping pine""]",gymnosperm,evergreen,non-porous
PIPE,Pinus peuce Griseb.,[],"[""Macedonian pine"", ""Balkan pine""]",gymnosperm,evergreen,non-porous
PIPI,Pinus pinaster Aiton,[],"[""maritime pine"", ""cluster pine""]",gymnosperm,evergreen,non-porous
PIPN,Pinus pinea L.,[],"[""Italian stone pine"", ""umbrella pine""]",gymnosperm,evergreen,non-porous
PIPO,Pinus ponderosa Douglas ex C. Lawson,[],"[""ponderosa pine"", ""western yellow pine""]",gymnosperm,evergreen,non-porous
PIPS,Pinus pseudostrobus Lindl.,[],"[""False white pine"", ""False Weymouth pine"", ""Nicaraguan pine""]",,,
PIPM,Pinus pumila (Pall.) Regel,[],"[""dwarf Siberian pine"", ""Japanese stone pine""]",gymnosperm,evergreen,non-porous
PIPU,Pinus pungens Lamb.,[],"[""Table Mountain pine""]",gymnosperm,evergreen,non-porous
PIQU,Pinus quadrifolia Parl. ex Sudw.,[],"[""Parry pinyon""]",gymnosperm,evergreen,non-porous
PIRA,Pinus radiata D. Don,[],"[""Monterrey pine""]",gymnosperm,evergreen,non-porous
PIRE,Pinus resinosa Aiton,[],"[""red pine""]",gymnosperm,evergreen,non-porous
PIRI,Pinus rigida Mill.,[],"[""pitch pine""]",gymnosperm,evergreen,non-porous
PIRO,Pinus roxburghii Sarg.,"[""Pinus longifolia Roxb.""]","[""chir pine""]",gymnosperm,evergreen,non-porous
PISI,Pinus sibirica Du Tour,[],"[""Siberian stone pine""]",gymnosperm,evergreen,non-porous
PISP,Pinus spp. L.,[],"[""pine""]",gymnosperm,evergreen,non-porous
PISF,Pinus strobiformis Engelm.,[],"[""southwestern white pine""]",gymnosperm,evergreen,non-porous
PIST,Pinus strobus L.,[],"[""eastern white pine"", ""Weymouth pine""]",gymnosperm,evergreen,non-porous
PISY,Pinus sylvestris L.,[],"[""Scots pine"", ""Scotch pine""]",gymnosperm,evergreen,non-porous
PITB,Pinus tabulaeformis Carr.,[],"[""Chinese pine""]",gymnosperm,evergreen,non-porous
PITA,Pinus taeda L.,[],"[""loblolly pine""]",gymnosperm,evergreen,non-porous
PITW,Pinus taiwanensis Hayata,[],"[""Taiwan pine""]",,,
PITE,Pinus teocote Cham. & Schltdl.,[],"[""Aztec pine"", ""Mexican smallcone pine"", ""Twisted-leaved""]",,,
PITH,Pinus thunbergii Parl.,[],"[""Japanese black pine""]",gymnosperm,evergreen,non-porous
PITO,Pinus torreyana Parry ex Carrière,[],"[""Torrey Pine""]",gymnosperm,evergreen,non-porous
PIUN,Pinus uncinata Mill. ex Mirb.,[],"[""mountain pine""]",gymnosperm,evergreen,non-porous
PIVI,Pinus virginiana Mill.,[],"[""Virginia pine"", ""scrub pine""]",gymnosperm,evergreen,non-porous
PIWA,Pinus wallichiana A.B. Jacks.,[],"[""Himalayan pine"", ""kail pine"", ""blue pine""]",gymnosperm,evergreen,non-porous
PIYU,Pinus yunnanensis Franch.,[],"[""Yunnan Pine""]",,,
PSGR,Pisonia grandis,[],[],,,
PTAT,Pistacia atlantica Desf.,[],"[""Atlas pistache"", ""betoum""]",,,
PTKH,Pistacia khinjuk,[],[],,,
PTLE,Pistacia lentiscus  L.,[],"[""mastic tree""]",,,
PTPA,Pistacia palaestina,[],[],,,
PTSP,Pistacia spp. L.,[],"[""pistache""]",,,
PTVE,Pistacia vera L.,[],[],,,
PLAC,Platanus acerifolia (Ait.) Willd.,[],"[""London plane tree""]",,,
PLOC,Platanus occidentalis L.,[],"[""American sycamore""]",,,
PLRA,Platanus racemosa Nutt.,[],"[""California sycamore""]",,,
PLIN,Platonia insignis Mart.,[],"[""parcouri""]",,,
PLOR,Platyeladus orientalis,[],"[""Chinese pine""]",,,
POFA,Podocarpus falcatus (Thumb.) Br.,[],"[""yellowwood"", ""oteniqua""]",,,
POFE,Podocarpus ferruginens,"[""Prumnopitys ferruginea""]",[],,,
POHA,Podocarpus hallii,[],[],,,
POLA,Podocarpus lawrencei Hook. f.,[],"[""Tasmanian podocarpus""]",,,
PONE,Podocarpus neriifolius D.Don,[],"[""thitmin""]",,,
PONI,Podocarpus nivalis,[],[],,,
PONU,Podocarpus nubigensus Lindl. ex Paxt,[],"[""manio de hojas punzantes"", ""manio macho""]",,,
POPA,Podocarpus parlatorei,[],[],,,
POSC,Podocarpus spicatus,"[""Prumnopitys taxifolia""]",[],,,
POSP,Podocarpus spp. L'Heritier ex Persoon,[],[],,,
POTO,Podocarpus totara G. Benn. ex D. Don,[],"[""totara""]",,,
POTA,Polylepis tarapacana Phil.,[],"[""Que\u00f1oa""]",,,
PYSA,Polyscias sambucifolius (Sieber ex DC.) Harms,[],"[""elderberry panax"", ""elderberry ash""]",,,
PPAL,Populus alba L.,[],"[""white poplar""]",,,
PPAN,Populus angustifolia James,[],"[""narrowleaf cottonwood""]",,,
PPBA,Populus balsamifera L.,[],"[""balsam poplar""]",,,
PPCI,Populus ciliata Wall. ex Royle,[],"[""Himalayan poplar""]",,,
PPDE,Populus deltoides Bartr. ex Marsh.,[],"[""eastern cottonwood""]",,,
PPEU,Populus euphratica,[],[],,,
PPFA,Populus fastigiata,[],[],,,
PPFR,Populus fremontii Wats.,[],"[""Fremont cottonwood""]",,,
PPGR,Populus grandidentata Michx.,[],"[""bigtooth aspen""]",,,
PPNI,Populus nigra L.,[],"[""black poplar""]",,,
PPSI,Populus sieboldii Miq.,[],"[""Japanese aspen""]",,,
PPSP,Populus spp. L.,[],"[""cottonwood"", ""poplar""]",,,
PPTM,Populus tremula L.,[],"[""European aspen"", ""quaking aspen""]",,,
PPTR,Populus tremuloides Michx.,[],"[""quaking aspen""]",,,
PPTC,Populus trichocarpa Torr. & Gray.,[],"[""black cottonwood""]",,,
PRMX,Premna maxima T.C.E. Fries,[],"[""muchichio""]",,,
PRLI,Presea lingue,[],"[""lingue""]",,,
PRMA,Previa maxima,[],[],,,
PRFL,Prosopis flexuosa DC,[],[],,,
PRGL,Prosopis glandulosa var. glandulosa Torr.,[],"[""honey mesquite""]",,,
PROS,Prosopis spp. L.,[],"[""mesquite""]",,,
PMAN,Prumnopitys andina,"[""Podocarpus andinus""]","[""lleuque""]",,,
PMFE,Prumnopitys ferreginea,[],[],,,
PMTA,Prumnopitys taxifolia,[],[],,,
PNAM,Prunus americana Marsh.,[],"[""American plum""]",,,
PNAV,Prunus avium L.,[],"[""wild cherry""]",,,
PNIL,Prunus ilicifolia (Nutt. ex Hook & Arn.) D. Dietr.,[],"[""hollyleaf cherry""]",,,
PNMA,Prunus mahaleb L.,[],[],,,
PNPE,Prunus pennsylvanica L.f.,[],"[""pin cherry""]",,,
PNSE,Prunus serotina Ehrh.,[],"[""black cherry""]",,,
PNSP,Prunus spinosa Ehrh.,[],[],,,
PSMU,Pseudobombax munguba,[],[],,,
PSSE,Pseudobombax septenatum (Jacq.) Dugand,[],[],,,
PSJA,Pseudotsuga japonica (Shirasawa) Beissn.,[],"[""Japanese Douglas-fir""]",,,
PSMA,Pseudotsuga macrocarpa (Vasey) Mayr,[],"[""bigcone Douglas-fir""]",,,
PSME,Pseudotsuga menziesii (Mirb.) Franco,[],"[""Douglas-fir""]",,,
PSSI,Pseudotsuga sinensis Dode,[],[],,,
PSAX,Pseudowintera axilarris,[],[],,,
PSCO,Pseudowintera colorata,[],[],,,
PSXA,Pseudoxandra polyphleba,[],[],,,
PTAN,Pterocarpus angolensis DC.,[],[],,,
PTRH,Pterocarya rhoifolia Sieb. & Zucc.,[],"[""Japanese wing nut""]",,,
PUSP,Purshia spp. DC. ex Poir.,[],[],,,
PUTR,Purshia tridentata (Pursh) DC.,[],"[""bitter brush""]",,,
QUAF,Quercus afares Pomel,[],[],,,
QUAL,Quercus alba L.,[],"[""white oak""]",,,
QUBI,Quercus bicolor Willd.,[],"[""swamp white oak""]",,,
QUBO,Quercus boissieri Reut.,[],[],,,
QUBN,Quercus boyntonii Beadle,[],"[""Boynton's sand post oak"", ""Boynton's oak""]",,,
QUBR,Quercus brantii Lindley,[],[],,,
QUCF,Quercus californica (Torr.) Cooper,"[""Quercus kelloggii Newb.""]",[],,,
QUCL,Quercus calliprinos,[],"[""Kermes oak""]",,,
QUCA,Quercus canariensis Willd.,[],"[""Mirbeck's oak"", ""Algerian oak""]",,,
QUCE,Quercus cerris L.,[],"[""Turkey oak"", ""Austrian oak""]",,,
QUCH,Quercus chrysolepis Liebm.,[],"[""Canyon oak"", ""Maul oak""]",,,
QUCO,Quercus coccinea Muenchh.,[],"[""scarlet oak""]",,,
QUCN,Quercus conferta Kit.,"[""Q.farnetto"", ""Quercus frainetto Ten""]",[],,,
QUCP,Quercus copeyensis,[],[],,,
QUCR,Quercus costaricensis,[],[],,,
QUDE,Quercus dentata Thunb.,[],"[""kashiwa oak"", ""Daimio oak""]",,,
QUDG,Quercus douglasii Hook. and Arn.,[],"[""blue oak""]",,,
QUDS,Quercus dschoruchensis K. Koch,[],[],,,
QUEL,Quercus ellipsoidalis E.J. Hill,[],"[""northern pin oak""]",,,
QUEM,Quercus emoryi Torr. in Emory,[],"[""Emory oak""]",,,
QUEN,Quercus engelmannii Greene,[],"[""Engelmann oak""]",,,
QUFG,Quercus faginea Lam.,[],"[""Portuguese oak""]",,,
QUFA,Quercus falcata Michx.,[],"[""southern red oak""]",,,
QUFR,Quercus frainetto Ten.,[],"[""Hungarian oak""]",,,
QUGA,Quercus gambelii Nutt.,[],"[""Gambel oak""]",,,
QUGY,Quercus garryana Dougl. ex Hook,[],"[""Oregon white oak""]",,,
QUGR,Quercus grisea Liebm.,[],"[""gray oak""]",,,
QUHA,Quercus hartwissiana Steven,[],[],,,
QUIL,Quercus ilex L.,[],"[""holm oak"", ""holly oak""]",,,
QUIT,Quercus ithaburensis (Decne.) Boiss.,[],"[""Mt. Tabor oak""]",,,
QUKE,Quercus kelloggii Newb.,[],"[""California black oak""]",,,
QULA,Quercus laurifolia Michx.,[],"[""laurel oak""]",,,
QULO,Quercus lobata Née,[],"[""valley oak""]",,,
QULU,Quercus lusitanica Lam.,[],"[""oak""]",,,
QULY,Quercus lyrata Walter,[],"[""overcup oak""]",,,
QUMA,Quercus macrocarpa Michx.,[],"[""burr oak""]",,,
QUMC,Quercus macrolepis Kotschy,[],"[""Valonia oak""]",,,
QUML,Quercus marilandica Muenchh.,[],"[""blackjack oak""]",,,
QUMI,Quercus michauxii Walt.,[],"[""swamp chestnut oak""]",,,
QUMO,Quercus mongolica Fisch. ex Turcz.,[],"[""Mongolian oak""]",,,
QUGS,Quercus mongolica var. grosseserrata (Bulme) Rehd. &  Wils.,[],"[""mizunara oak""]",,,
QUMU,Quercus muehlenbergii Engelm.,[],"[""chinkapin oak""]",,,
QUNI,Quercus nigra L.,[],"[""water oak""]",,,
QUPA,Quercus palustris Muenchh.,[],"[""pin oak""]",,,
QUPS,Quercus persica,"[""Quercus brantii""]",[],,,
QUPE,Quercus petraea (Matt.) Liebl.,"[""Quercus sessiliflora Salisb.""]","[""durmast oak"", ""sessile oak""]",angiosperm,deciduous,ring-porous
QUPO,Quercus pontica K. Koch,[],"[""Armenian oak""]",,,
QUPR,Quercus prinus L.,[],"[""chestnut oak""]",,,
QUPU,Quercus pubescens Willd.,[],"[""downy oak"", ""durmast oak""]",angiosperm,deciduous,ring-porous
QUPY,Quercus pyrenaica Willd.,[],"[""Pyrenean oak""]",angiosperm,deciduous,ring-porous
QURO,Quercus robur L.,"[""Quercus pendunculata Ehrl.""]","[""English oak""]",angiosperm,deciduous,ring-porous
QURU,Quercus rubra L.,[],"[""red oak""]",angiosperm,deciduous,ring-porous
QUSH,Quercus shumardii Buckl.,[],"[""Shumard oak""]",,,
QUSP,Quercus spp. L.,[],"[""oak""]",,,
QUST,Quercus stellata Wangenh.,[],"[""post oak""]",,,
QUSU,Quercus suber L.,[],"[""cork oak"", ""cork tree""]",,,
QUVE,Quercus velutina Lam.,[],"[""black oak""]",,,
QUAC,Quintina acutifolia,[],[],,,
RAGU,Rapanea guianensis Aubl.,[],"[""guiana quintinia""]",,,
RESP,Recordoxylon speciosum Normand & Mariaux,[],"[""wacapou guitin""]",,,
RHCA,Rhamnus caroliniana Walt.,[],"[""Carolina buckthorn""]",,,
RHCT,Rhamnus cathartica L.,[],[],,,
RHCR,Rhamnus crocea Nutt.,[],"[""hollyleaf buckthorn""]",,,
RHOV,Rhus ovata Wats.,[],"[""sugar sumac""]",,,
RONE,Robinia neomexicana Gray,[],"[""New Mexico locust""]",,,
ROPS,Robinia pseudoacacia L.,[],"[""black locust""]",,,
SBPI,Sabina pingu,[],[],,,
SBRE,Sabina recurva,[],[],,,
SBSA,Sabina saltuaria,[],[],,,
SBTI,Sabina tibetica,[],[],,,
SBWA,Sabina wallichiana,[],[],,,
SAAC,Salix acutifolia,[],[],,,
SAAL,Salix alba L.,[],"[""white willow""]",,,
SAAM,Salix amygdalina L.,[],"[""almond-leaved willow"", ""peachleaf willow""]",,,
SAAD,Salix amygdaloides Anderss.,[],"[""peachleaf willow""]",,,
SAAR,Salix arbusculoides Anderss.,[],"[""littletree willow""]",,,
SAAT,Salix arctica Pall.,[],"[""Arctic willow""]",,,
SABA,Salix babylonica L.,[],"[""weeping willow""]",,,
SACN,Salix candida Fluegge,[],"[""sage-leaf willow"", ""silver willow""]",,,
SACA,Salix caprea L.,[],"[""pussy willow"", ""goat willow""]",,,
SACR,Salix caroliniana Michx.,[],"[""Coastal Plain willow""]",,,
SADI,Salix discolor Muhl.,[],"[""pussy willow"", ""glaucous willow""]",,,
SAEL,Salix elaeagnos,[],[],,,
SAEX,Salix exigua Nutt.,[],"[""sandbar willow""]",,,
SAGL,Salix glauca L.,[],"[""grayleaf willow""]",,,
SAIN,Salix interior Rowlee,"[""Salix exigua Nutt.""]","[""sandbar willow""]",,,
SALA,Salix lanata L.,[],"[""Richardson's willow""]",,,
SALS,Salix lasiolepis Benth.,[],"[""arroyo willow"", ""white willow""]",,,
SAMY,Salix myrsinifolia Salisb.,[],[],,,
SAPH,Salix phylicifolia L.,[],"[""tea-leaf wilow""]",,,
SAPL,Salix planifolia,[],"[""sandbar willow""]",,,
SAPC,Salix pulchra Cham.,[],"[""Tealeaf Willow"", ""diamondleaf willow"", ""thin red willow""]",,,
SAPU,Salix purpurea,[],[],,,
SASP,Salix spp.,[],"[""willow""]",,,
SATR,Salix triandra,"[""Salix amygdalina L.""]",[],,,
SAVI,Salix viminalis,[],[],,,
SNAL,Santalum album L.,[],"[""sandalwood"", ""chandal"", ""santalin""]",,,
SSAL,Sassafras albinum (Nutt.) Nees,[],"[""sassafras""]",,,
SACO,Saxegothaea conspicua Lindl.,[],"[""Prince Albert's yew"", ""manio de hojas cortas"", ""manio hembra""]",,,
SCBR,Schinopsis brasiliensis Engl.,[],[],,,
SCTR,Schleichera trijuga Willd.,[],"[""ta-kro"", ""kusum"", ""kusamo""]",,,
SCMI,Schleronema micranthum Ducke.,[],[],,,
SCVE,Sciadopitys verticillata (Thunb.) Sieb. & Zucc.,[],"[""Japanese umbrella pine"", ""koyamaki pine""]",,,
SESE,Sequoia sempervirens (D. Don) Endl.,[],"[""coast redwood""]",,,
SEGI,Sequoiadendron giganteum (Lindl.) Buchholz,[],"[""giant sequoia""]",,,
SHRO,Shorea robusta Gaertn.f.,[],"[""sal""]",,,
SIAM,Simarouba amara Aubl.,[],"[""simarouba""]",,,
SOCH,Sophora chrysophylla (Salisb.) Seem.,[],[],,,
SOAM,Sorbus americana Marsh.,[],"[""mountain ash""]",,,
SOAR,Sorbus aria (L.) Crantz,[],"[""whitebeam""]",,,
SOAU,Sorbus aucuparia L. Rowan,[],"[""mountain ash""]",,,
SOTE,Sorbus torminalis (L.) Crantz,[],"[""chequer tree"", ""wild service tree""]",,,
SODU,Sorocea duckei,[],[],,,
STPS,Stuartia pseudocamelliad var. koreana (Rehd.) Sealy,[],"[""Korean stewartia""]",,,
SWLA,Swartzia laevicarpa,[],[],,,
SWMC,Swietenia macrophylla King,[],[],,,
SWMA,Swietenia mahagoni Jacq.,[],"[""West Indies mahogany""]",,,
SYGL,Symphonia globulifera L.F.,[],"[""manil""]",,,
TMCH,Tamarix chinensis Lour.,[],"[""tamarisk"", ""salt cedar""]",,,
TMJO,Tamarix jordanis,[],[],,,
TPGU,Tapirira guianensis,[],[],,,
TMAP,Taramix aphylla Lanza,[],"[""dur""]",,,
TMXE,Tasmannia xerophila M.Gray,[],[],,,
TAAS,Taxodium ascendens Brong.,[],"[""pond cypress""]",,,
TADI,Taxodium distichum (L.) Rich.,[],"[""baldcypress""]",,,
TAMU,Taxodium mucronatum Ten.,[],"[""Montezuma cypress""]",,,
TABA,Taxus baccata L.,[],"[""common yew"", ""English yew""]",,,
TACU,Taxus cuspidata Sieb. et Zucc.,[],"[""Japanese yew""]",,,
TEGR,Tectona grandis L. f.,[],"[""teak""]",,,
TEBR,Terminalia brownii,[],[],,,
TEGU,Terminalia guianensis Aubl.,[],[],,,
TETO,Terminalia tomentosa W. & A.,[],"[""Indian laurel"", ""taukkyan"", ""sain""]",,,
TESI,Tetracentron sinense Oliv.,[],[],,,
TEAR,Tetraclinis articulata (Vahl) Mast.,[],"[""Arar tree"", ""African thuya""]",,,
THOC,Thuja occidentalis L.,[],"[""northern white-cedar"", ""American arborvitae""]",,,
THOR,Thuja orientalis L.,[],"[""Chinese arborvitae"", ""Oriental arborvitae""]",,,
THPL,Thuja plicata Donn ex D. Don,[],"[""western redcedar"", ""giant arborvitae""]",,,
THSP,Thuja spp. L.,[],"[""thuja""]",,,
THST,Thuja standishii (Gord.) Carr.,[],"[""kurobe arborvitae"", ""Japanese arborvitae""]",,,
THDO,Thujopsis dolabrata (L.f.) Sieb. & Zucc.,[],"[""hiba arborvitae""]",,,
THHO,Thujopsis dolabrata var. hondai Makino,[],"[""asunaro arborvitae""]",,,
TIAM,Tilia americana L.,[],"[""American basswood""]",,,
TICO,Tilia cordata Mill.,[],"[""littleleaf linden"", ""winter linden"", ""small-leaved lime""]",,,
TIPL,Tilia platyphyllos Scop.,[],"[""broad-leaved linden"", ""summer linden""]",,,
TISP,Tilia spp. L.,[],"[""linden"", ""lime tree""]",,,
TOCI,Toona ciliata,[],"[""Australian red cedar""]",,,
TOCA,Torreya californica Torrey,[],"[""California nutmeg""]",,,
TRSC,Triplochiton schleroxylon,[],[],,,
TRCO,Tristania conferta R.Br.,[],"[""Queensland box tree""]",,,
TSCA,Tsuga canadensis (L.) Carr.,[],"[""eastern hemlock""]",,,
TSCR,Tsuga caroliniana Engelm.,[],"[""Carolina hemlock""]",,,
TSCH,Tsuga chinensis (Franch.) Pritz.,[],"[""Chinese hemlock""]",,,
TSDI,Tsuga diversifolia (Maxim.) Mast.,[],"[""Japanese hemlock""]",,,
TSDU,Tsuga dumosa (D. Don) Eichler,[],"[""East Himalayan hemlock""]",,,
TSHE,Tsuga heterophylla (Raf.) Sarg.,[],"[""western hemlock""]",,,
TSME,Tsuga mertensiana (Bong.) Carrière,[],"[""mountain hemlock""]",,,
TSSI,Tsuga sieboldii Carr.,[],"[""southern japanese hemlock""]",,,
TSSP,Tsuga spp. (Endl.) Carr.,[],"[""hemlock""]",,,
ULCA,Ulmus caprinifolia G. Suckow,"[""Ulmus minor Mill.""]",[],,,
ULGL,Ulmus glabra Hudson,[],"[""Wych elm"", ""Scots elm"", ""mountain elm""]",,,
ULLA,Ulmus laevis Pall.,[],"[""European white elm""]",,,
ULMI,Ulmus minor Mill.,[],"[""smooth-leaved elm"", ""field elm"", ""common elm""]",,,
ULPU,Ulmus pumila L.,[],"[""Siberian elm""]",,,
ULRU,Ulmus rubra Muhl.,[],"[""slippery elm""]",,,
ULSP,Ulmus spp. L.,[],"[""elm""]",,,
ULWA,Ulmus wallichiana Planch.,[],"[""Himalayan elm""]",,,
UNKN,Unknown,[],[],,,
CONI,Various conifers,[],[],,,
MIXD,Various taxa,[],[],,,
VBLA,Vibernum lantana L.,[],[],,,
VIME,Virola melinonii A.C. Smith,[],"[""mountain yayamadou"", ""montagne yayamadou""]",,,
VIKE,Vitex keniensis Turr,[],"[""moru oak"", ""moru""]",,,
VOAM,Vouacapoua americana Aubl.,[],"[""wacapou""]",,,
WERA,Weinmannia racemosa,[],[],,,
WETR,Weinmannia trichosperma Cav.,[],"[""tineo"", ""tenio"", ""palo santo""]",,,
WICE,Widdringtonia cedarbergensis J.A. Marsh,[],"[""Clanwilliam cedar""]",,,
ZETU,Zeyheria tuberculosa (Vell.) Bureau ex Verl.,[],[],,,
ZISP,Zizyphus spina-christi,[],"[""Judas tree"", ""Christ thorn""]",,,
ZYDU,Zygophyllum dumosum Boiss.,[],[],,,
ZYSP,Zygophyllum spp. L.,[],[],,,